id;name;category;description;specs_json;consortium_json;images_json
1;"BIZ 125 EX";Street;"A Biz 125 é parceira para o que der e vier. Além do porta-objetos, agora o modelo vem com tomada 12V para carregar o celular.";"{""Motor"":""OHC, Monocilíndrico 4 tempos, arrefecido a ar"",""Cilindrada"":""123,9 cc."",""Potência Máxima"":""7,01 kW (9,53 CV) a 7500 rpm"",""Torque Máximo"":""10,1 N.m (1,03 kgf.m) a 6000 rpm"",""Transmissão"":""4 velocidades"",""Sistema de Partida"":""Elétrico"",""Combustível"":""Gasolina / Etanol"",""Capacidade do Tanque"":""5,0 L""}";"[{""plan"":""80x"",""value"":""R$ 291,66""},{""plan"":""60x"",""value"":""R$ 377,76""},{""plan"":""48x"",""value"":""R$ 465,30""},{""plan"":""36x"",""value"":""R$ 613,00""},{""plan"":""24x"",""value"":""R$ 901,63""}]";"[""https://d1qa0ax3fv1ims.cloudfront.net/catalogo_imagens/duas_rodas/biz-125-ex-azul-b-555-x372_0.png"",""https://d1qa0ax3fv1ims.cloudfront.net/catalogo_imagens/duas_rodas/biz-125-ex-azul-frente-555-x372_2.png"",""https://d1qa0ax3fv1ims.cloudfront.net/catalogo_imagens/duas_rodas/biz-125-ex-branco-lado-a-555-x372_1.png""]"
2;"BIZ125 ES";Street;"A Biz 125 é parceira para o que der e vier. Além do porta-objetos, agora o modelo vem com tomada 12V para carregar o celular.";"{""Motor"":""OHC, Monocilíndrico 4 tempos, arrefecido a ar"",""Cilindrada"":""123,9 cc."",""Potência Máxima"":""7,01 kW (9,53 CV) a 7500 rpm - Gasolina "",""Torque Máximo"":""10,1 N.m (1,03 kgf.m) a 6000 rpm - Gasolina "",""Transmissão"":""4 velocidades"",""Sistema de Partida"":""Elétrico"",""Combustível"":""Gasolina"",""Capacidade do Tanque"":""5,0 L""}";"[{""plan"":""80x"",""value"":""R$ 235,63""},{""plan"":""60x"",""value"":""R$ 305,19""},{""plan"":""48x"",""value"":""R$ 375,91""},{""plan"":""36x"",""value"":""R$ 495,24""},{""plan"":""24x"",""value"":""R$ 728,43""}]";"[""https://d1qa0ax3fv1ims.cloudfront.net/catalogo_imagens/duas_rodas/biz-125-es-vermelho-maceio-red-lado-a-555-x-372.png"",""https://d1qa0ax3fv1ims.cloudfront.net/catalogo_imagens/duas_rodas/biz-125-es-branco-lado-a-350-x280.png"",""https://d1qa0ax3fv1ims.cloudfront.net/catalogo_imagens/duas_rodas/biz-125-es-preto-lado-b-350-x280_0.png""]"
3;"POP 110I ES";Street;"Com a nova Pop 110i ES, levar a vida numa Honda é muito mais fácil. A partida elétrica do modelo garante que você tenha agilidade e comodidade no dia a dia.";"{""Motor"":""OHC, Monocilíndrico, 4 tempos, arrefecido a ar"",""Cilindrada"":""109,5 cc"",""Potência Máxima"":""8,43 cv a 7.250 rpm"",""Torque Máximo"":""0,945 kgf.m a 5.000 rpm"",""Transmissão"":""4 velocidades"",""Sistema de Partida"":""Elétrica"",""Combustível"":""Gasolina"",""Capacidade do Tanque"":""4,2 L""}";"[{""plan"":""80x"",""value"":""R$ 188,70""},{""plan"":""60x"",""value"":""R$ 244,40""},{""plan"":""48x"",""value"":""R$ 301,04""},{""plan"":""36x"",""value"":""R$ 396,60""},{""plan"":""24x"",""value"":""R$ 583,34""}]";"[""https://d1qa0ax3fv1ims.cloudfront.net/catalogo_imagens/duas_rodas/pop-branca-lateral.png"",""https://d1qa0ax3fv1ims.cloudfront.net/catalogo_imagens/duas_rodas/pop-preta-3_4fd.png"",""https://d1qa0ax3fv1ims.cloudfront.net/catalogo_imagens/duas_rodas/pop-vermelha-lateral.png""]"
1752426397374;"ELITE 125";Street;"A nova geração da Elite 125 apresenta um design sofisticado e moderno, com linhas que transmitem uma sensação de robustez.";"{""Motor"":""OHC, Monocilíndrico, 4 tempos, arrefecido a ar"",""Cilindrada"":""123,9 cc"",""Potência Máxima"":""8.2 cv a 6.250 rpm"",""Torque Máximo"":""1.06 kgf.m a 5.000 rpm"",""Transmissão"":""Tipo V - MATIC"",""Sistema de Partida"":""Elétrica"",""Combustível"":""Gasolina"",""Capacidade do Tanque"":""5,3 L""}";"[{""plan"":""80x"",""value"":""R$ 256,31""},{""plan"":""60x"",""value"":""R$ 331,98""},{""plan"":""48x"",""value"":""R$ 408,91""},{""plan"":""36x"",""value"":""R$ 538,71""},{""plan"":""24x"",""value"":""R$ 792,36""}]";"[""https://www.honda.com.br/motos/sites/hda/files/2024-05/honda-elite-125-modulo-360-azul.webp"",""https://www.honda.com.br/motos/sites/hda/files/2024-05/honda-elite-125-modulo-360-vermelho.webp"",""https://www.honda.com.br/motos/sites/hda/files/2024-05/honda-elite-125-modulo-360-prata.webp"",""https://www.honda.com.br/motos/sites/hda/files/2024-05/honda-elite-125-modulo-360-branco.webp""]"
1752426878888;"CG 160 START";Street;"A CG 160 Start se destaca pelo seu design arrojado e imponente. Cada detalhe foi cuidadosamente pensado para entregar estilo, garantindo uma presença marcante por onde passa.";"{""Motor"":""OHC, Monocilíndrico, 4 tempos, arrefecido a ar"",""Cilindrada"":""162,7 cc"",""Potência Máxima"":""10,6 KW (14,4 CV) a 8.000 rpm"",""Torque Máximo"":""13,8 N.m (1,41 kgf.m) a 6.750 rpm"",""Transmissão"":""5 velocidades"",""Sistema de Partida"":""Elétrico"",""Combustível"":""Gasolina"",""Capacidade do Tanque"":""14,0 L""}";"[{""plan"":""80x"",""value"":""R$ 304,58""},{""plan"":""60x"",""value"":""R$ 394,49""},{""plan"":""48x"",""value"":""R$ 485,91""},{""plan"":""36x"",""value"":""R$ 640,15""},{""plan"":""24x"",""value"":""R$ 941,56""}]";"[""https://www.honda.com.br/motos/sites/hda/files/2024-10/imagem-home-honda-cg-160-start-prata.webp"",""https://www.honda.com.br/motos/sites/hda/files/2024-10/imagem-home-honda-cg-160-start-vermelho_0.webp"",""https://www.honda.com.br/motos/sites/hda/files/2024-10/imagem-home-honda-cg-160-start-preto.webp""]"
1752427355876;"CG 160 FAN";Street;"Com um toque de esportividade, a CG 160 Fan vem com freios CBS, LED no farol e na lanterna e novo painel digital. Ideal para quem quer conforto e tecnologia no dia a dia.";"{""Motor"":""OHC, Monocilíndrico 4 tempos, arrefecido a ar"",""Cilindrada"":""162,7 cc"",""Potência Máxima"":""10,6 kW (14,4 CV) a 8000 rpm (Gasolina) / 10,8 kW (14,7 CV) a 8000 rpm Álcool (etanol)"",""Torque Máximo"":""13,8 N.m (1,41 kgf.m) a 6750 rpm (Gasolina) / 14,0 N.m (1,43 kgf.m) a 6750 rpm Álcool (etanol)"",""Transmissão"":""5 velocidades"",""Sistema de Partida"":""Elétrico"",""Combustível"":""Gasolina e/ou Etanol"",""Capacidade do Tanque"":""14,0 L""}";"[{""plan"":""80x"",""value"":""R$ 332,41""},{""plan"":""60x"",""value"":""R$ 430,54""},{""plan"":""48x"",""value"":""R$ 530,31""},{""plan"":""36x"",""value"":""R$ 698,65""},{""plan"":""24x"",""value"":""R$ 1.027,60""}]";"[""https://www.honda.com.br/motos/sites/hda/files/2024-10/imagem-home-honda-cg-160-fan-azul.webp"",""https://www.honda.com.br/motos/sites/hda/files/2024-10/imagem-home-honda-cg-160-fan-azul.webp"",""https://www.honda.com.br/motos/sites/hda/files/2024-10/imagem-home-honda-cg-160-fan-preto.webp""]"
1752427517010;"CG 160 TITAN";Street;"A CG 160 Titan é para quem não abre mão de personalidade e eficiência. Com freio ABS, LED no farol e lanterna e um design marcante, ela eleva o padrão em cada detalhe.";"{""Motor"":""OHC, Monocilíndrico 4 tempos, arrefecido a ar."",""Cilindrada"":""162,7 cc"",""Potência Máxima"":""10,6 KW (14,4 CV) a 8.000 rpm (Gasolina) / 10,8 KW (14,7 CV) a 8.000 rpm (Etanol)"",""Torque Máximo"":""13,8 N.m (1,41 kgf.m) a 6750 rpm (Gasolina) / 14,0 N.m (1,43 kgf.m) a 6750 rpm Álcool (etanol)"",""Transmissão"":""5 velocidades"",""Sistema de Partida"":""Elétrico"",""Combustível"":""Gasolina e/ou Etanol"",""Capacidade do Tanque"":""14,0 L""}";"[{""plan"":""80x"",""value"":""R$ 356,63""},{""plan"":""60x"",""value"":""R$ 461,91""},{""plan"":""48x"",""value"":""R$ 568,95""},{""plan"":""36x"",""value"":""R$ 749,56""},{""plan"":""24x"",""value"":""R$ 1.102,48""}]";"[""https://www.honda.com.br/motos/sites/hda/files/2024-10/imagem-home-honda-cg-160-titan-laranja.webp"",""https://www.honda.com.br/motos/sites/hda/files/2024-10/imagem-home-honda-cg-160-titan-vermelho.webp"",""https://www.honda.com.br/motos/sites/hda/files/2024-10/imagem-home-honda-cg-160-titan-preto.webp""]"
1752427886340;"PCX CBS";Street;"A PCX 2025 é conectada ao seu estilo de vida. Por isso, no porta-luvas da scooter há uma nova entrada USB-C para o carregador do seu celular.";"{""Motor"":""OHC, Monocilíndrico, 4 tempos, arrefecido a líquido"",""Cilindrada"":""156,9 cc"",""Potência Máxima"":""16CV a 8.500 rpm"",""Torque Máximo"":""1,5 kgf.m a 6.500 rpm"",""Transmissão"":""Automática, do tipo V - MATIC"",""Sistema de Partida"":""Elétrico"",""Combustível"":""Gasolina"",""Capacidade do Tanque"":""8,0 L""}";"[{""plan"":""80x"",""value"":""R$ 329,15""},{""plan"":""60x"",""value"":""R$ 426,32""},{""plan"":""48x"",""value"":""R$ 525,11""},{""plan"":""36x"",""value"":""R$ 691,80""},{""plan"":""24x"",""value"":""R$ 1.017,52""}]";"[""https://www.honda.com.br/motos/sites/hda/files/2024-11/imagem-home-honda-pcx-branco.webp""]"
1752428243442;"PCX ABS";Street;"Garantindo mais segurança e controle durante a pilotagem, a PCX ABS possui sistema de freios ABS, que evita o travamento da roda dianteira no caso de frenagens bruscas. ";"{""Motor"":""OHC, Monocilíndrico, 4 tempos, arrefecido a líquido"",""Cilindrada"":""156,9 cc"",""Potência Máxima"":""16CV a 8.500 rpm"",""Torque Máximo"":""1,5 kgf.m a 6.500 rpm"",""Transmissão"":""Automática, do tipo V - MATIC"",""Sistema de Partida"":""Elétrico"",""Combustível"":""Gasolina"",""Capacidade do Tanque"":""8,0 L""}";"[{""plan"":""80x"",""value"":""R$ 361,12""},{""plan"":""60x"",""value"":""R$ 467,73""},{""plan"":""48x"",""value"":""R$ 576,11""},{""plan"":""36x"",""value"":""R$ 758,99""},{""plan"":""24x"",""value"":""R$ 1.116,36""}]";"[""https://www.honda.com.br/motos/sites/hda/files/2024-11/imagem-home-honda-pcx-vermelho.webp""]"
1752429647972;"NXR 160 BROS ABS";Adventure;"A Nova Bros 160 traz um sistema de antitravamento das rodas, garantindo uma experiência de pilotagem mais aprimorada.";"{""Motor"":""OHC, Monocilíndrico 4 tempos, arrefecido a ar."",""Cilindrada"":""162,7 cc"",""Potência Máxima"":""10,4 kW (14,2 CV) a 8000 rpm (Gasolina)/ 10,5 KW (14,3 CV) a 8000 rpm (Etanol)"",""Torque Máximo"":""14,1 N.m (1,44 kgf.m) a 5500 rpm (Gasolina)/ 14,2 N.m (1,45 kgf.m) a 5500 rpm Àlcool (etanol)"",""Transmissão"":""5 velocidades"",""Sistema de Partida"":""Elétrica"",""Combustível"":""Gasolina e/ou Etanol"",""Capacidade do Tanque"":""12,0 L""}";"[{""plan"":""80x"",""value"":""R$ 397,55""},{""plan"":""60x"",""value"":""R$ 514,91""},{""plan"":""48x"",""value"":""R$ 634,22""},{""plan"":""36x"",""value"":""R$ 835,55""},{""plan"":""24x"",""value"":""R$ 1.228,96""}]";"[""https://www.honda.com.br/motos/sites/hda/files/2024-08/imagem-home-honda-nxr-bros-160-abs-lateral-cinza.webp"",""https://www.honda.com.br/motos/sites/hda/files/2024-08/imagem-home-honda-nxr-bros-160-abs-lateral-vermelho.webp""]"
1752429922298;"NXR 160 BROS CBS";Adventure;"Imponente e robusta, a nova Bros traz um design renovado, com um visual ousado e nova cor que reforça sua personalidade marcante.";"{""Motor"":""OHC, Monocilíndrico 4 tempos, arrefecido a ar."",""Cilindrada"":""162,7 cc"",""Potência Máxima"":""10,4 kW (14,2 CV) a 8000 rpm (Gasolina)/ 10,5 KW (14,3 CV) a 8000 rpm (Etanol)"",""Torque Máximo"":""14,1 N.m (1,44 kgf.m) a 5500 rpm (Gasolina)/ 14,2 N.m (1,45 kgf.m) a 5500 rpm Àlcool (etanol)"",""Transmissão"":""5 velocidades"",""Sistema de Partida"":""Elétrica"",""Combustível"":""Gasolina e/ou Etanol"",""Capacidade do Tanque"":""12,0 L""}";"[{""plan"":""80x"",""value"":""R$ 381,19""},{""plan"":""60x"",""value"":""R$ 493,72""},{""plan"":""48x"",""value"":""R$ 608,13""},{""plan"":""36x"",""value"":""R$ 801,17""},{""plan"":""24x"",""value"":""R$ 1.178,39""}]";"[""https://www.honda.com.br/motos/sites/hda/files/2024-08/imagem-home-honda-nxr-bros-160-cbs-lateral-vermelho.webp"",""https://www.honda.com.br/motos/sites/hda/files/2024-08/imagem-home-honda-nxr-bros-160-cbs-lateral-preto.webp""]"
1752430379190;"XRE 190 STANDARD";Adventure;"O visual totalmente renovado da Honda XRE 190 combina modernidade e sofisticação, garantindo que você se destaque em qualquer lugar.";"{""Motor"":""OHC, Monocilíndrico, 4 tempos, arrefecido a ar"",""Cilindrada"":""184,4 cc"",""Potência Máxima"":""11,7 kW (15,9 CV) a 8000 rpm (Gasolina)/ 11,8 kW (16,0 CV) a 8000 rpm (Etanol) "",""Torque Máximo"":""16,2 N.m (1,65 kgf.m) a 6000 rpm (Gasolina)/ 16,3 N.m (1,66 kgf.m) a 6000 rpm (Etanol)"",""Transmissão"":""5 Velocidades"",""Sistema de Partida"":""Elétrica"",""Combustível"":""Gasolina / Álcool"",""Capacidade do Tanque"":""12,0 L""}";"[{""plan"":""80x"",""value"":""R$ 416,83""},{""plan"":""60x"",""value"":""R$ 539,88""},{""plan"":""48x"",""value"":""R$ 664,99""},{""plan"":""36x"",""value"":""R$ 876,09""},{""plan"":""24x"",""value"":""R$ 1.288,58""}]";"[""https://www.honda.com.br/motos/sites/hda/files/2025-04/Imagem%20Home%20Moto%20Honda%20XRE%20190%20%20Azul%20Met%C3%A1lico%20%E2%80%93%20Mat%20Noturno%20Blue%20Metallic.webp"",""https://www.honda.com.br/motos/sites/hda/files/2024-09/imagem-home-honda-xre-190-lateral-vermelho%20(1).webp""]"
1752430727982;"XRE 300 SAHARA ADV";Adventure;"Criativo, inovador e moderno, o design da Honda Sahara 300 vai ficar na sua memória.";"{""Motor"":""OHC, Monocilíndrico 4 tempos, arrefecido a ar."",""Cilindrada"":""293,5 cc"",""Potência Máxima"":""18,2 kW (24,8 CV) a 7500 rpm (Gasolina) / 18,5 kW (25,2 CV) a 7500 rpm (Etanol)"",""Torque Máximo"":""26,5 N.m (2,70 kgf.m) a 5750 rpm (Gasolina) / 26,9 N.m (2,74 kgf.m) a 5750 rpm (Etanol)"",""Transmissão"":""6 velocidades"",""Sistema de Partida"":""Elétrica"",""Combustível"":""Gasolina e/ou Etanol"",""Capacidade do Tanque"":""13,8 L""}";"[{""plan"":""80x"",""value"":""R$ 560,82""},{""plan"":""60x"",""value"":""R$ 726,38""},{""plan"":""48x"",""value"":""R$ 894,71""},{""plan"":""36x"",""value"":""R$ 1.178,73""},{""plan"":""24x"",""value"":""R$ 1.733,72""}]";"[""https://www.honda.com.br/motos/sites/hda/files/2024-01/frente-e-lateral-direita-da-moto-honda-sahara-300-adventure.webp""]"
1752430971216;"XRE 300 ABS SA";Adventure;"Na inesquecível moto Sahara 300, desempenho e proteção andam juntos.";"{""Motor"":""OHC, Monocilíndrico 4 tempos, arrefecido a ar."",""Cilindrada"":""293,5 cc"",""Potência Máxima"":""18,2 kW (24,8 CV) a 7500 rpm (Gasolina) / 18,5 kW (25,2 CV) a 7500 rpm (Etanol)"",""Torque Máximo"":""26,5 N.m (2,70 kgf.m) a 5750 rpm (Gasolina) / 26,9 N.m (2,74 kgf.m) a 5750 rpm (Etanol)"",""Transmissão"":""6 velocidades"",""Sistema de Partida"":""Elétrica"",""Combustível"":""Gasolina e/ou Etanol"",""Capacidade do Tanque"":""13,8 L""}";"[{""plan"":""80x"",""value"":""R$ 542,32""},{""plan"":""60x"",""value"":""R$ 702,42""},{""plan"":""48x"",""value"":""R$ 865,19""},{""plan"":""36x"",""value"":""R$ 1.139,83""},{""plan"":""24x"",""value"":""R$ 1.676,51""}]";"[""https://www.honda.com.br/motos/sites/hda/files/2024-06/honda-sahara-300-standard-modulo-360.webp""]"
1752431648694;"CB 300F TWISTER CBS";Street;"A CB 300F Twister CBS combina estilo e funcionalidade. Seu design moderno reflete a essência de uma moto versátil e dinâmica, ideal para quem busca se destacar nas ruas.";"{""Motor"":""OHC, Monocilíndrico 4 tempos, arrefecido a ar."",""Cilindrada"":""293,5 cc"",""Potência Máxima"":""18,0 kW (24,5 CV) a 7.500 rpm (Gasolina) / 18,2 kW (24,7 CV) a 7.500 rpm (Etanol)"",""Torque Máximo"":""25,6 N.m (2,61 kgf.m) a 5.500 rpm (Gasolina) / 26,2 N.m (2,67 kgf.m) a 5.500 rpm (Etanol)"",""Transmissão"":""6 velocidades"",""Sistema de Partida"":""Elétrica"",""Combustível"":""Gasolina / Álcool"",""Capacidade do Tanque"":""14,1 L""}";"[{""plan"":""80x"",""value"":""R$ 433,92""},{""plan"":""60x"",""value"":""R$ 562,02""},{""plan"":""48x"",""value"":""R$ 692,26""},{""plan"":""36x"",""value"":""R$ 912,01""},{""plan"":""24x"",""value"":""R$ 1.341,42""}]";"[""https://www.honda.com.br/motos/sites/hda/files/2025-04/imagem-home-honda-cb-300f-twister-cbs-lateral-vermelho.webp"",""https://www.honda.com.br/motos/sites/hda/files/2025-04/imagem-home-honda-cb-300f-twister-cbs-lateral-cinza.webp""]"
1752435633746;"CB 300F TWISTER ABS";Street;"A Twister ABS impressiona pelo seu design moderno e robusto. Cada linha foi pensada para entregar estilo, garantindo uma presença marcante nas ruas.";"{""Motor"":""OHC, Monocilíndrico 4 tempos, arrefecido a ar."",""Cilindrada"":""293,5 cc"",""Potência Máxima"":""18,0 kW (24,5 CV) a 7.500 rpm (Gasolina) / 18,2 kW (24,7 CV) a 7.500 rpm (Etanol)"",""Torque Máximo"":""25,6 N.m (2,61 kgf.m) a 5.500 rpm (Gasolina) / 26,2 N.m (2,67 kgf.m) a 5.500 rpm (Etanol)"",""Transmissão"":""6 velocidades"",""Sistema de Partida"":""Elétrica"",""Combustível"":""Gasolina / Álcool"",""Capacidade do Tanque"":""14,1 L""}";"[{""plan"":""80x"",""value"":""R$ 451,20""},{""plan"":""60x"",""value"":""R$ 584,39""},{""plan"":""48x"",""value"":""R$ 719,82""},{""plan"":""36x"",""value"":""R$ 948,31""},{""plan"":""24x"",""value"":""R$ 1.394,82""}]";"[""https://www.honda.com.br/motos/sites/hda/files/2025-04/imagem-home-honda-cb-300f-twister-abs-lateral-azul.webp"",""https://www.honda.com.br/motos/sites/hda/files/2025-04/imagem-home-honda-cb-300f-twister-abs-lateral-vermelho.webp""]"
1752435846804;"HONDA ADV";Adventure;"O motor de 156 cc da nova Honda ADV combina eficiência e economia, proporcionando o desempenho ideal para quem não abre mão de uma condução econômica.";"{""Motor"":""OHC, Monocilíndrico 4 tempos, arrefecimento líquido"",""Cilindrada"":""156,9 cc"",""Potência Máxima"":""16 cv a 8.500 rpm"",""Torque Máximo"":""1.46 kgf.m a 6.500 rpm"",""Transmissão"":""Tipo V - MATIC"",""Sistema de Partida"":""Elétrica"",""Combustível"":""Gasolina"",""Capacidade do Tanque"":""8,0 L""}";"[{""plan"":""80x"",""value"":""R$ 445,83""},{""plan"":""60x"",""value"":""R$ 577,44""},{""plan"":""48x"",""value"":""R$ 711,25""},{""plan"":""36x"",""value"":""R$ 937,03""},{""plan"":""24x"",""value"":""R$ 1.378,22""}]";"[""https://www.honda.com.br/motos/sites/hda/files/2025-04/Imagem%20Home%20Moto%20Honda%20ADV%20-%20Vermelho%20Pearl%20Siena%20Red.webp"",""https://www.honda.com.br/motos/sites/hda/files/2024-12/imagem-home-honda-adv-prata.webp""]"
1752436091718;"XR300 L TORNADO";Adventure;"A XR 300L Tornado chegou com toda força, estilo e robustez, sendo capaz de se destacar em qualquer terreno.";"{""Motor"":""OHC, Monocilíndrico 4 tempos, arrefecido a ar."",""Cilindrada"":""293,5 cc"",""Potência Máxima"":""(24,3 cv) a 7500 rpm (Gasolina) / (24,8 cv) a 7500 rpm (Etanol)"",""Torque Máximo"":""(2,70 kgf.m) a 5750 rpm (Gasolina) / (2,74 kgf.m) a 5750 rpm (Etanol)"",""Transmissão"":""6 velocidades"",""Sistema de Partida"":""Elétrica"",""Combustível"":""Gasolina e/ou Etanol"",""Capacidade do Tanque"":""13,8 L""}";"[{""plan"":""80x"",""value"":""R$ 552,88""},{""plan"":""60x"",""value"":""R$ 716,09""},{""plan"":""48x"",""value"":""R$ 882,03""},{""plan"":""36x"",""value"":""R$ 1.162,02""},{""plan"":""24x"",""value"":""R$ 1.709,15""}]";"[""https://www.honda.com.br/motos/sites/hda/files/2024-08/imagem-home-xr-300l-tornado-vermelho-fighting-red-lateral.webp""]"
1752436500352;"CB 500 HORNET";Street;"A nova Honda Hornet 500 apresenta um design agressivo e moderno com linhas nítidas que proporcionam uma presença mais marcante.";"{""Motor"":""DOHC, Dois cilindros, 4 tempos, arrefecimento líquido"",""Cilindrada"":""471 cc"",""Potência Máxima"":""49,6 CV a 8500 rpm (Gasolina)"",""Torque Máximo"":""4,50 kgf.m a 7000 rpm (Gasolina)"",""Transmissão"":""6 velocidades"",""Sistema de Partida"":""Elétrica"",""Combustível"":""Gasolina"",""Capacidade do Tanque"":""17,1 L""}";"[{""plan"":""72x"",""value"":""R$ 780,03""}]";"[""https://www.honda.com.br/motos/sites/hda/files/2025-05/Lateral_17.webp"",""https://www.honda.com.br/motos/sites/hda/files/2025-05/Lateral_25.webp"",""https://www.honda.com.br/motos/sites/hda/files/2025-05/Lateral_21.webp""]"
1752436633796;"CB 1000R";Street;"Musculosa e agressiva, a CB 1000R foi a precursora do estilo Neo Sports Café, combinando um design ainda mais minimalista com as clássicas linhas das Café Racer.";"{""Motor"":""DOHC, Quatro cilindros, 4 tempos, refrigeração líquida."",""Cilindrada"":""998,4 cc"",""Potência Máxima"":""142,8 cv a 10.500 rpm"",""Torque Máximo"":""10,2 kgf.m a 8.250 rpm"",""Transmissão"":""6 velocidades."",""Sistema de Partida"":""Elétrico"",""Combustível"":""Gasolina"",""Capacidade do Tanque"":""16,1 L""}";"[{""plan"":""72x"",""value"":""R$ 994,93""}]";"[""https://www.honda.com.br/motos/sites/hda/files/2023-09/moto-honda-cb-1000r-vermelho-met%C3%A1lico-bordeaux-red-metallic-lateral_0.webp""]"
1752436981178;"NX 500";Adventure;"A nova NX 500 apresenta um visual mais robusto e aventureiro, com carenagens redesenhadas para uma melhor aerodinâmica e estabilidade em altas velocidades.";"{""Motor"":""DOHC, Dois cilindros, 4 tempos, refrigeração líquida"",""Cilindrada"":""471cc"",""Potência Máxima"":""49,6 CV a 8500 rpm (Gasolina)"",""Torque Máximo"":""4,50 kgf.m a 7000 rpm (Gasolina)"",""Transmissão"":""6 velocidades"",""Sistema de Partida"":""Elétrico"",""Combustível"":""Gasolina"",""Capacidade do Tanque"":""17,7 L""}";"[{""plan"":""72x"",""value"":""R$ 829,43""}]";"[""https://www.honda.com.br/motos/sites/hda/files/2025-05/Lateral.webp"",""https://www.honda.com.br/motos/sites/hda/files/2025-05/Lateral_7.webp"",""https://www.honda.com.br/motos/sites/hda/files/2025-05/Lateral_3.webp""]"
1752437228514;"NC 750X";Adventure;"Com 802 mm, a altura do assento da nova NC 750X foi reduzida em 30 mm em relação à versão anterior e, combinada ao guidão mais elevado, garante uma posição de pilotagem mais vertical e confortável, além de aumentar a visibilidade do piloto.";"{""Motor"":""OHC, 2 cilindros, 4 tempos, arrefecimento líquido"",""Cilindrada"":""745 cc"",""Potência Máxima"":""58,6 cv a 6.750 rpm"",""Torque Máximo"":""7,03 kgf.m a 4.750 rpm"",""Transmissão"":""6 velocidades"",""Sistema de Partida"":""Elétrica"",""Combustível"":""Gasolina"",""Capacidade do Tanque"":""14,1 L""}";"[{""plan"":""72x"",""value"":""R$ 971,39""}]";"[""https://www.honda.com.br/motos/sites/hda/files/2023-11/modulo-360--moto-honda-nc-750x-mt-vermelho-victory-red_0.webp"",""https://www.honda.com.br/motos/sites/hda/files/2023-11/modulo-360-moto-honda-nc-750x-mt-prata-met%C3%A1lico-ibiuna-silver-metallic%20_0.webp""]"
1752443544720;"CRF 1100L AFRICA TWIN";Adventure;"A CRF 1100L Africa Twin foi desenvolvida para maximizar a experiência de pilotagem, otimizando o conforto e a tecnologia sem abrir mão da lendária capacidade off-road.";"{""Motor"":""OHC, 2 cilindros, 4 tempos, arrefecimento líquido"",""Cilindrada"":""1.084 cc"",""Potência Máxima"":""99,3 cv a 7.500 rpm"",""Torque Máximo"":""10,5 kgf.m a 6.000 rpm"",""Transmissão"":""6 velocidades"",""Sistema de Partida"":""Elétrica"",""Combustível"":""Gasolina"",""Capacidade do Tanque"":""18,8 L""}";"[{""plan"":""72x"",""value"":""R$ 1.022,90""}]";"[""https://www.honda.com.br/motos/sites/hda/files/2023-10/modulo-360-moto-honda-africa-twin-mt-azul-met%C3%A1lico_0.webp"",""https://www.honda.com.br/motos/sites/hda/files/2023-10/modulo-360-moto-honda-africa-twin-mt-preto-fosco_0.webp""]"
1752443763644;"CRF 250F";Off Road;"Equipada com um motor de 250 cc, a CRF 250F une boa performance e facilidade de uso para as trilhas.";"{""Motor"":""OHC, Monocilíndrico 4 tempos, arrefecido a ar."",""Cilindrada"":""249,58 cc"",""Potência Máxima"":""22,2 CV a 7.500 rpm"",""Torque Máximo"":""2,28 kgf.m a 6.000 rpm"",""Transmissão"":""5 velocidades"",""Sistema de Partida"":""Elétrico"",""Combustível"":""Gasolina"",""Capacidade do Tanque"":""6,0 L""}";"[{""plan"":""80x"",""value"":""R$ 412,86""},{""plan"":""60x"",""value"":""R$ 534,74""},{""plan"":""48x"",""value"":""R$ 658,65""},{""plan"":""36x"",""value"":""R$ 867,73""},{""plan"":""24x"",""value"":""R$ 1.276,30""}]";"[""https://www.honda.com.br/motos/sites/hda/files/2024-08/honda-crf-250f-imagem-home-vermelho.webp""]"
1752443957190;"TRX 420 FM";Off Road;"Design forte, robusto e inconfundível. O TRX 420 FourTrax está de aparência nova com detalhes e linhas que reforçam sua característica cheia de vigor. Além disso, ele foi projetado para durar e resistir a todas as adversidades a que for exigido.";"{""Motor"":""OHV, monocilíndrico, 4 tempos, refrigeração líquida"",""Cilindrada"":""420 cc"",""Potência Máxima"":""26,9 cv a 6.250 rpm"",""Torque Máximo"":""3,4 kgf.m a 5.000 rpm"",""Transmissão"":""5 velocidades + Ré"",""Sistema de Partida"":""Elétrico"",""Combustível"":""Gasolina"",""Capacidade do Tanque"":""14,7 L""}";"[{""plan"":""72x"",""value"":""R$ 950,09""}]";"[""https://www.honda.com.br/motos/sites/hda/files/2022-08/TRX%20Verde%202023%20Cor%20Eixo.png"",""https://www.honda.com.br/motos/sites/hda/files/2022-08/TRX%20Vermelha%202023%20Cor%20Eixo.png""]"
1752444176091;"CBR 650R";Sport;"Compacta e agressiva, a CBR 650R traz o DNA das pistas e as curvas da CBR 1000RR Fireblade para as ruas.";"{""Motor"":""DOHC, quatro cilindros 4 tempos, arrefecimento líquido"",""Cilindrada"":""649 cc"",""Potência Máxima"":""88,4 CV a 11500 rpm"",""Torque Máximo"":""6,13 kgf.m a 8000 rpm"",""Transmissão"":""6 velocidades"",""Sistema de Partida"":""Elétrica"",""Combustível"":""Gasolina"",""Capacidade do Tanque"":""15,4 L""}";"[{""plan"":""72x"",""value"":""R$ 1.000,52""}]";"[]"